<?xml version="1.0" encoding="UTF-8"?>
<project-private xmlns="http://www.netbeans.org/ns/project-private/1">
    <editor-bookmarks xmlns="http://www.netbeans.org/ns/editor-bookmarks/2" lastBookmarkId="0"/>
    <open-files xmlns="http://www.netbeans.org/ns/projectui-open-files/2">
        <group>
            <file>file:/C:/Users/jesus/Downloads/Tema19IGClase/Tema19IGClase/src/Modelo/Pelicula.java</file>
            <file>file:/C:/Users/jesus/Downloads/Tema19IGClase/Tema19IGClase/src/Controlador/ConexionDB4O.java</file>
            <file>file:/C:/Users/jesus/Downloads/Tema19IGClase/Tema19IGClase/src/Vista/Principal.java</file>
            <file>file:/C:/Users/jesus/Downloads/Tema19IGClase/Tema19IGClase/src/Controlador/ControladorPelicula.java</file>
        </group>
    </open-files>
</project-private>
